{
    "abt-buy-gs": 0.9491525423728814,
    "walmart-amazon-gs": 0.8878048780487805,
    "amazon-google-gs": 0.7630662020905923,
    "dblp-scholar-gs": 0.879837067209776,
    "wdcproducts-80cc-seen-gs": 0.882703777335984
}