{
    "abt-buy-gs": 0.8741418764302059,
    "walmart-amazon-gs": 0.8613138686131386,
    "amazon-google-gs": 0.7527272727272727,
    "dblp-scholar-gs": 0.8398268398268398,
    "wdcproducts-80cc-seen-gs": 0.8612244897959184
}