{
    "abt-buy-gs": 0.9421965317919075,
    "walmart-amazon-gs": 0.85995085995086,
    "amazon-google-gs": 0.7427466150870407,
    "dblp-scholar-gs": 0.8858447488584474
}