{
    "abt-buy-gs": 0.9514563106796117,
    "walmart-amazon-gs": 0.8899755501222494,
    "amazon-google-gs": 0.7560975609756098,
    "dblp-scholar-gs": 0.8843813387423936,
    "wdcproducts-80cc-seen-gs": 0.8835341365461847
}