{
    "abt-buy-gs": 0.953757225433526,
    "walmart-amazon-gs": 0.8599033816425121,
    "amazon-google-gs": 0.8024948024948025,
    "dblp-scholar-gs": 0.9183222958057395
}